{"Alabama":280.6666666666667,"Alaska":119.33333333333333,"Arizona":285.90909090909093,"Arkansas":242.66666666666666,"California":292.6545454545454,"Colorado":321.44444444444446,"Connecticut":251.85714285714286,"Delaware":162.33333333333334,"District of Columbia":140,"Florida":331.17241379310343,"Georgia":305.75,"Hawaii":132.5,"Idaho":197.5,"Illinois":333.25,"Indiana":299.8181818181818,"Iowa":276.1666666666667,"Kansas":239.66666666666666,"Kentucky":281.625,"Louisiana":305.75,"Maine":207.5,"Maryland":311.4,"Massachusetts":332.72727272727275,"Michigan":339.625,"Minnesota":305.5,"Mississippi":287.5,"Missouri":333.3,"Montana":193.66666666666666,"Nebraska":201.6,"Nevada":228.5,"New Hampshire":190.75,"New Jersey":297.5,"New Mexico":183.2,"New York":315.2413793103448,"North Carolina":346.26666666666665,"North Dakota":141.33333333333334,"Ohio":340.44444444444446,"Oklahoma":265.85714285714283,"Oregon":306.7142857142857,"Pennsylvania":345.45,"Rhode Island":134.5,"South Carolina":286.1111111111111,"South Dakota":145.66666666666666,"Tennessee":295.54545454545456,"Texas":308.5263157894737,"Utah":233,"Vermont":117,"Virginia":338.38461538461536,"Washington":325.5,"West Virginia":182.6,"Wisconsin":332.3,"Wyoming":101.33333333333333}